,Unnamed: 0,cl,RespID,Date Done,Resp Name,Husband,Father,Group,Location,Prev
0,0,749,1002,,,,,Cash,Hai Banana,
1,1,6,1006,,,,,Control,Hai Banana,
2,2,15,1008,,,,,TUP,Hai Banana,
3,3,16,1009,,,,,TUP,Hai Banana,
4,4,17,1010,,,,,Control,Hai Banana,
5,5,26,1012,,,,,Control,Hai Banana,
6,6,28,1013,,,,,Control,Hai Banana,
7,7,29,1014,,,,,Control,Hai Banana,
8,8,31,1015,,,,,Control,Hai Banana,
9,9,33,1016,,,,,TUP,Hai Banana,
10,10,38,1017,,,,,Cash,Hai Banana,
11,11,41,1019,,,,,Cash,Hai Banana,
12,12,46,1020,,,,,TUP,Hai Banana,
13,13,53,1022,,,,,Control,Hai Banana,
14,14,69,1023,,,,,Control,Hai Banana,
15,15,78,1025,,,,,TUP,Hai Banana,
16,16,80,1027,,,,,Control,Hai Banana,
17,17,85,1028,,,,,Control,Hai Banana,
18,18,87,1030,,,,,Cash,Hai Banana,
19,19,90,1031,,,,,Cash,Hai Banana,
20,20,93,1032,,,,,TUP,Hai Banana,
21,21,96,1035,,,,,Control,Hai Banana,
22,22,101,1039,,,,,Control,Hai Banana,
23,23,102,1040,,,,,TUP,Hai Banana,
24,24,103,1042,,,,,Control,Hai Banana,
25,25,107,1043,,,,,Control,Hai Banana,
26,26,109,1044,,,,,Control,Hai Banana,
27,27,116,1046,,,,,Control,Hai Banana,
28,28,117,1047,,,,,TUP,Hai Banana,
29,29,123,1048,,,,,Control,Hai Banana,
30,30,125,1049,,,,,TUP,Hai Banana,
31,31,126,1050,,,,,Control,Hai Banana,
32,32,132,1051,,,,,Cash,Hai Banana,
33,33,133,1053,,,,,TUP,Hai Banana,
34,34,137,1054,,,,,Cash,Hai Banana,
35,35,142,1055,,,,,TUP,Hai Banana,
36,36,144,1056,,,,,Cash,Hai Banana,
37,37,148,1058,,,,,Control,Hai Banana,
38,38,161,1059,,,,,Control,Hai Banana,
39,39,353,1062,,,,,Control,Hai Dam 2,banana
40,40,172,1063,,,,,TUP,Hai Banana,
41,41,174,1064,,,,,TUP,Hai Banana,
42,42,1,1066,,,,,Cash,Hai Banana,
43,43,11,1068,,,,,Control,Hai Banana,
44,44,19,1069,,,,,Control,Hai Banana,
45,45,21,1070,,,,,TUP,Hai Banana,
46,46,23,1071,,,,,TUP,Hai Banana,
47,47,24,1072,,,,,Cash,Hai Banana,
48,48,27,1074,,,,,Control,Hai Banana,
49,49,34,1075,,,,,Cash,Hai Banana,
50,50,40,1076,,,,,TUP,Hai Banana,
51,51,43,1078,,,,,Control,Hai Banana,
52,52,47,1079,,,,,Control,Hai Banana,
53,53,48,1080,,,,,TUP,Hai Banana,
54,54,50,1081,,,,,Cash,Hai Banana,
55,55,59,1082,,,,,Control,Hai Banana,
56,56,60,1083,,,,,TUP,Hai Banana,
57,57,61,1084,,,,,Control,Hai Banana,
58,58,67,1086,,,,,TUP,Hai Banana,
59,59,70,1089,,,,,Cash,Hai Banana,
60,60,73,1090,,,,,Control,Hai Banana,
61,61,84,1093,,,,,Control,Hai Banana,
62,62,86,1094,,,,,Control,Hai Banana,
63,63,92,1096,,,,,Cash,Hai Banana,
64,64,104,1100,,,,,Cash,Hai Banana,
65,65,105,1101,,,,,TUP,Hai Banana,
66,66,108,1102,,,,,TUP,Hai Banana,
67,67,114,1103,,,,,Control,Hai Banana,
68,68,115,1104,,,,,Control,Hai Banana,
69,69,120,1106,,,,,Control,Hai Banana,
70,70,127,1107,,,,,TUP,Hai Banana,
71,71,138,1109,,,,,TUP,Hai Banana,
72,72,150,1111,,,,,TUP,Hai Banana,
73,73,158,1113,,,,,Cash,Hai Banana,
74,74,160,1114,,,,,TUP,Hai Banana,
75,75,164,1115,,,,,Cash,Hai Banana,
76,76,350,1118,,,,,TUP,Hai Dam 2,banana
77,77,170,1121,,,,,Control,Hai Banana,
78,78,354,1123,,,,,TUP,Hai Dam 2,banana
79,79,173,1124,,,,,TUP,Hai Banana,
80,80,4,1127,,,,,TUP,Hai Banana,
81,81,5,1128,,,,,Control,Hai Banana,
82,82,13,1131,,,,,TUP,Hai Banana,
83,83,14,1132,,,,,Control,Hai Banana,
84,84,22,1134,,,,,Cash,Hai Banana,
85,85,51,1137,,,,,Control,Hai Banana,
86,86,52,1138,,,,,Control,Hai Banana,
87,87,56,1140,,,,,Cash,Hai Banana,
88,88,57,1141,,,,,TUP,Hai Banana,
89,89,74,1144,,,,,TUP,Hai Banana,
90,90,82,1146,,,,,TUP,Hai Banana,
91,91,91,1147,,,,,TUP,Hai Banana,
92,92,97,1149,,,,,Control,Hai Banana,
93,93,98,1151,,,,,Control,Hai Banana,
94,94,110,1154,,,,,Control,Hai Banana,
95,95,113,1155,,,,,Cash,Hai Banana,
96,96,176,1157,,,,,Control,Hai Banana,
97,97,118,1158,,,,,Cash,Hai Banana,
98,98,119,1160,,,,,TUP,Hai Banana,
99,99,121,1161,,,,,Control,Hai Banana,
100,100,130,1163,,,,,Control,Hai Banana,
101,101,135,1165,,,,,Cash,Hai Banana,
102,102,139,1166,,,,,Control,Hai Banana,
103,103,143,1167,,,,,TUP,Hai Banana,
104,104,145,1169,,,,,TUP,Hai Banana,
105,105,149,1170,,,,,TUP,Hai Banana,
106,106,152,1171,,,,,Control,Hai Banana,
107,107,153,1172,,,,,Cash,Hai Banana,
108,108,154,1173,,,,,Control,Hai Banana,
109,109,156,1174,,,,,Cash,Hai Banana,
110,110,163,1179,,,,,TUP,Hai Banana,
111,111,165,1180,,,,,TUP,Hai Banana,
112,112,349,1181,,,,,TUP,Hai Dam 2,banana
113,113,177,1183,,,,,Control,Hai city,banana
114,114,169,1184,,,,,TUP,Hai Banana,
115,115,352,1185,,,,,Cash,Hai Dam 2,banana
116,116,171,1186,,,,,Control,Hai Banana,
117,117,441,1187,,,,,TUP,Hai Sopiri,banana
118,118,2,1188,,,,,TUP,Hai Banana,
119,119,7,1189,,,,,TUP,Hai Banana,
120,120,8,1190,,,,,Control,Hai Banana,
121,121,9,1192,,,,,Control,Hai Banana,
122,122,12,1193,,,,,TUP,Hai Banana,
123,123,18,1195,,,,,TUP,Hai Banana,
124,124,20,1196,,,,,TUP,Hai Banana,
125,125,25,1197,,,,,Control,Hai Banana,
126,126,30,1198,,,,,Cash,Hai Banana,
127,127,32,1199,,,,,Control,Hai Banana,
128,128,35,1201,,,,,TUP,Hai Banana,
129,129,36,1202,,,,,Control,Hai Banana,
130,130,37,1203,,,,,Cash,Hai Banana,
131,131,39,1204,,,,,TUP,Hai Banana,
132,132,42,1205,,,,,TUP,Hai Banana,
133,133,49,1207,,,,,Control,Hai Banana,
134,134,54,1208,,,,,TUP,Hai Banana,
135,135,55,1209,,,,,Cash,Hai Banana,
136,136,58,1210,,,,,TUP,Hai Banana,
137,137,62,1212,,,,,TUP,Hai Banana,
138,138,63,1214,,,,,Control,Hai Banana,
139,139,65,1215,,,,,Cash,Hai Banana,
140,140,66,1216,,,,,Control,Hai Banana,
141,141,68,1217,,,,,Control,Hai Banana,
142,142,71,1219,,,,,Control,Hai Banana,
143,143,72,1220,,,,,TUP,Hai Banana,
144,144,75,1221,,,,,Cash,Hai Banana,
145,145,76,1222,,,,,Control,Hai Banana,
146,146,79,1223,,,,,TUP,Hai Banana,
147,147,83,1226,,,,,Control,Hai Banana,
148,148,88,1227,,,,,TUP,Hai Banana,
149,149,89,1228,,,,,Control,Hai Banana,
150,150,99,1231,,,,,Control,Hai Banana,
151,151,100,1233,,,,,Control,Hai Banana,
152,152,106,1235,,,,,TUP,Hai Banana,
153,153,111,1237,,,,,Control,Hai Banana,
154,154,112,1238,,,,,TUP,Hai Banana,
155,155,124,1239,,,,,Control,Hai Banana,
156,156,131,1240,,,,,TUP,Hai Banana,
157,157,134,1242,,,,,Control,Hai Banana,
158,158,136,1243,,,,,Control,Hai Banana,
159,159,140,1244,,,,,Control,Hai Banana,
160,160,141,1245,,,,,TUP,Hai Banana,
161,161,146,1247,,,,,TUP,Hai Banana,
162,162,147,1248,,,,,TUP,Hai Banana,
163,163,151,1251,,,,,Control,Hai Banana,
164,164,155,1252,,,,,Control,Hai Banana,
165,165,157,1253,,,,,Control,Hai Banana,
166,166,159,1254,,,,,Cash,Hai Banana,
167,167,166,1256,,,,,TUP,Hai Banana,
168,168,167,1257,,,,,Control,Hai Banana,
169,169,168,1258,,,,,Cash,Hai Banana,
170,170,355,1259,,,,,TUP,Hai Dam 2,banana
171,171,3,1260,,,,,TUP,Hai Banana,
172,172,64,1264,,,,,Control,Hai Banana,
173,173,81,1268,,,,,Cash,Hai Banana,
174,174,94,1270,,,,,Control,Hai Banana,
175,175,95,1271,,,,,TUP,Hai Banana,
176,176,122,1274,,,,,Control,Hai Banana,
177,177,129,1275,,,,,Control,Hai Banana,
178,178,162,1278,,,,,TUP,Hai Banana,
179,179,10,1280,,,,,TUP,Hai Banana,
180,180,44,1281,,,,,Control,Hai Banana,
181,181,45,1282,,,,,Cash,Hai Banana,
182,182,77,1283,,,,,Control,Hai Banana,
183,183,128,1285,,,,,Control,Hai Banana,
184,184,351,1288,,,,,TUP,Hai Dam 2,banana
185,185,422,1291,,,,,TUP,Hai Dam 2,
186,186,421,1293,,,,,Control,Hai Dam 2,
187,187,400,1294,,,,,Cash,Hai Dam 2,
188,188,309,1295,,,,,Control,Hai city,dam2
189,189,313,1296,,,,,TUP,Hai city,dam2
190,190,382,1297,,,,,TUP,Hai Dam 2,
191,191,381,1298,,,,,Control,Hai Dam 2,
192,192,302,1300,,,,,Control,Hai city,dam2
193,193,418,1301,,,,,Cash,Hai Dam 2,
194,194,413,1304,,,,,Control,Hai Dam 2,
195,195,305,1305,,,,,Control,Hai city,dam2
196,196,310,1307,,,,,TUP,Hai city,dam2
197,197,395,1308,,,,,Cash,Hai Dam 2,
198,198,369,1310,,,,,Control,Hai Dam 2,
199,199,417,1311,,,,,Control,Hai Dam 2,
200,200,303,1312,,,,,Cash,Hai city,dam2
201,201,388,1314,,,,,Control,Hai Dam 2,
202,202,384,1315,,,,,Control,Hai Dam 2,
203,203,425,1316,,,,,Control,Hai Dam 2,
204,204,393,1318,,,,,Control,Hai Dam 2,
205,205,383,1320,,,,,Control,Hai Dam 2,
206,206,308,1321,,,,,Control,Hai city,dam2
207,207,391,1322,,,,,TUP,Hai Dam 2,
208,208,380,1323,,,,,Control,Hai Dam 2,
209,209,402,1326,,,,,Control,Hai Dam 2,
210,210,375,1329,,,,,Cash,Hai Dam 2,
211,211,415,1331,,,,,TUP,Hai Dam 2,
212,212,408,1334,,,,,TUP,Hai Dam 2,
213,213,401,1335,,,,,Control,Hai Dam 2,
214,214,411,1338,,,,,Control,Hai Dam 2,
215,215,312,1340,,,,,Cash,Hai city,dam2
216,216,317,1343,,,,,TUP,Hai city,dam2
217,217,321,1344,,,,,Control,Hai city,dam2
218,218,306,1345,,,,,TUP,Hai city,dam2
219,219,300,1348,,,,,Control,Hai city,dam2
220,220,301,1350,,,,,Control,Hai city,dam2
221,221,366,1351,,,,,TUP,Hai Dam 2,
222,222,367,1352,,,,,Control,Hai Dam 2,
223,223,370,1354,,,,,Cash,Hai Dam 2,
224,224,304,1357,,,,,Control,Hai city,dam2
225,225,372,1358,,,,,TUP,Hai Dam 2,
226,226,374,1362,,,,,Control,Hai Dam 2,
227,227,376,1364,,,,,TUP,Hai Dam 2,
228,228,377,1365,,,,,Control,Hai Dam 2,
229,229,378,1366,,,,,TUP,Hai Dam 2,
230,230,385,1368,,,,,Control,Hai Dam 2,
231,231,389,1369,,,,,Control,Hai Dam 2,
232,232,307,1370,,,,,Control,Hai city,dam2
233,233,392,1371,,,,,Cash,Hai Dam 2,
234,234,394,1372,,,,,TUP,Hai Dam 2,
235,235,311,1373,,,,,TUP,Hai city,dam2
236,236,397,1374,,,,,Control,Hai Dam 2,
237,237,398,1375,,,,,Control,Hai Dam 2,
238,238,399,1377,,,,,Cash,Hai Dam 2,
239,239,403,1380,,,,,Control,Hai Dam 2,
240,240,404,1381,,,,,TUP,Hai Dam 2,
241,241,406,1384,,,,,Control,Hai Dam 2,
242,242,314,1387,,,,,Control,Hai city,dam2
243,243,315,1388,,,,,Control,Hai city,dam2
244,244,409,1389,,,,,Control,Hai Dam 2,
245,245,316,1391,,,,,TUP,Hai city,dam2
246,246,410,1393,,,,,Control,Hai Dam 2,
247,247,318,1394,,,,,Control,Hai city,dam2
248,248,319,1397,,,,,TUP,Hai city,dam2
249,249,416,1398,,,,,TUP,Hai Dam 2,
250,250,320,1399,,,,,TUP,Hai city,dam2
251,251,420,1403,,,,,Control,Hai Dam 2,
252,252,423,1406,,,,,TUP,Hai Dam 2,
253,253,368,1408,,,,,Control,Hai Dam 2,
254,254,371,1410,,,,,Control,Hai Dam 2,
255,255,373,1412,,,,,Control,Hai Dam 2,
256,256,175,1414,,,,,Control,Hai Banana,dam2
257,257,379,1416,,,,,Cash,Hai Dam 2,
258,258,386,1421,,,,,Control,Hai Dam 2,
259,259,387,1422,,,,,TUP,Hai Dam 2,
260,260,390,1425,,,,,TUP,Hai Dam 2,
261,261,396,1429,,,,,Cash,Hai Dam 2,
262,262,405,1432,,,,,Control,Hai Dam 2,
263,263,407,1436,,,,,Control,Hai Dam 2,
264,264,412,1440,,,,,TUP,Hai Dam 2,
265,265,414,1442,,,,,Cash,Hai Dam 2,
266,266,419,1444,,,,,TUP,Hai Dam 2,
267,267,461,1452,,,,,Control,Hai Sopiri,
268,268,463,1453,,,,,Control,Hai Sopiri,
269,269,467,1454,,,,,TUP,Hai Sopiri,
270,270,471,1456,,,,,Cash,Hai Sopiri,
271,271,434,1457,,,,,Control,Hai Dam 2,sopiri
272,272,435,1458,,,,,Control,Hai Dam 2,sopiri
273,273,473,1459,,,,,Control,Hai Sopiri,
274,274,480,1461,,,,,TUP,Hai Sopiri,
275,275,481,1462,,,,,Control,Hai Sopiri,
276,276,482,1463,,,,,Control,Hai Sopiri,
277,277,484,1464,,,,,TUP,Hai Sopiri,
278,278,485,1465,,,,,TUP,Hai Sopiri,
279,279,347,1466,,,,,Control,hi dam 1,sopiri
280,280,487,1467,,,,,TUP,Hai Sopiri,
281,281,488,1468,,,,,TUP,Hai Sopiri,
282,282,348,1471,,,,,Cash,hi dam 1,sopiri
283,283,494,1472,,,,,Control,Hai Sopiri,
284,284,496,1473,,,,,TUP,Hai Sopiri,
285,285,497,1475,,,,,Control,Hai Sopiri,
286,286,498,1476,,,,,Control,Hai Sopiri,
287,287,499,1477,,,,,TUP,Hai Sopiri,
288,288,501,1478,,,,,TUP,Hai Sopiri,
289,289,502,1479,,,,,TUP,Hai Sopiri,
290,290,503,1480,,,,,Control,Hai Sopiri,
291,291,504,1481,,,,,TUP,Hai Sopiri,
292,292,506,1485,,,,,Cash,Hai Sopiri,
293,293,507,1486,,,,,Control,Hai Sopiri,
294,294,508,1488,,,,,Control,Hai Sopiri,
295,295,514,1489,,,,,TUP,Hai Sopiri,
296,296,515,1490,,,,,Control,Hai Sopiri,
297,297,516,1491,,,,,Cash,Hai Sopiri,
298,298,521,1493,,,,,TUP,Hai Sopiri,
299,299,522,1494,,,,,Cash,Hai Sopiri,
300,300,524,1495,,,,,TUP,Hai Sopiri,
301,301,525,1496,,,,,Control,Hai Sopiri,
302,302,527,1497,,,,,Control,Hai Sopiri,
303,303,529,1498,,,,,Control,Hai Sopiri,
304,304,530,1499,,,,,Cash,Hai Sopiri,
305,305,531,1500,,,,,Control,Hai Sopiri,
306,306,535,1501,,,,,Cash,Hai Sopiri,
307,307,537,1502,,,,,Control,Hai Sopiri,
308,308,538,1504,,,,,Cash,Hai Sopiri,
309,309,541,1505,,,,,Control,Hai Sopiri,
310,310,542,1506,,,,,Control,Hai Sopiri,
311,311,430,1507,,,,,Control,hi dam north,sopiri
312,312,545,1509,,,,,Control,Hai Sopiri,
313,313,457,1510,,,,,Control,Hai Sopiri,
314,314,458,1511,,,,,Control,Hai Sopiri,
315,315,459,1512,,,,,TUP,Hai Sopiri,
316,316,460,1513,,,,,TUP,Hai Sopiri,
317,317,464,1514,,,,,Cash,Hai Sopiri,
318,318,465,1515,,,,,Control,Hai Sopiri,
319,319,432,1517,,,,,Control,Hai Dam 2,sopiri
320,320,468,1518,,,,,TUP,Hai Sopiri,
321,321,469,1520,,,,,TUP,Hai Sopiri,
322,322,472,1522,,,,,Cash,Hai Sopiri,
323,323,433,1523,,,,,TUP,Hai Dam 2,sopiri
324,324,474,1524,,,,,Control,Hai Sopiri,
325,325,475,1525,,,,,TUP,Hai Sopiri,
326,326,476,1527,,,,,Control,Hai Sopiri,
327,327,477,1528,,,,,Cash,Hai Sopiri,
328,328,483,1531,,,,,TUP,Hai Sopiri,
329,329,486,1532,,,,,Cash,Hai Sopiri,
330,330,489,1534,,,,,TUP,Hai Sopiri,
331,331,490,1535,,,,,TUP,Hai Sopiri,
332,332,492,1536,,,,,Control,Hai Sopiri,
333,333,493,1537,,,,,Cash,Hai Sopiri,
334,334,426,1538,,,,,Control,hi dam north,sopiri
335,335,344,1540,,,,,TUP,hi dam 1,sopiri
336,336,509,1541,,,,,TUP,Hai Sopiri,
337,337,511,1543,,,,,Control,Hai Sopiri,
338,338,322,1545,,,,,Cash,hi dam 1,sopiri
339,339,323,1548,,,,,Control,hi dam 1,sopiri
340,340,518,1549,,,,,Cash,Hai Sopiri,
341,341,519,1551,,,,,TUP,Hai Sopiri,
342,342,523,1552,,,,,Control,Hai Sopiri,
343,343,526,1554,,,,,Control,Hai Sopiri,
344,344,533,1555,,,,,TUP,Hai Sopiri,
345,345,534,1556,,,,,TUP,Hai Sopiri,
346,346,427,1557,,,,,Control,hi dam north,sopiri
347,347,536,1559,,,,,Control,Hai Sopiri,
348,348,428,1560,,,,,Control,hi dam north,sopiri
349,349,539,1561,,,,,Control,Hai Sopiri,
350,350,540,1562,,,,,TUP,Hai Sopiri,
351,351,429,1563,,,,,Control,hi dam north,sopiri
352,352,543,1564,,,,,TUP,Hai Sopiri,
353,353,544,1565,,,,,TUP,Hai Sopiri,
354,354,462,1568,,,,,Control,Hai Sopiri,
355,355,466,1570,,,,,TUP,Hai Sopiri,
356,356,470,1571,,,,,TUP,Hai Sopiri,
357,357,478,1572,,,,,Cash,Hai Sopiri,
358,358,479,1573,,,,,TUP,Hai Sopiri,
359,359,491,1574,,,,,TUP,Hai Sopiri,
360,360,495,1576,,,,,Cash,Hai Sopiri,
361,361,500,1577,,,,,TUP,Hai Sopiri,
362,362,505,1578,,,,,Control,Hai Sopiri,
363,363,510,1580,,,,,TUP,Hai Sopiri,
364,364,512,1582,,,,,Control,Hai Sopiri,
365,365,513,1583,,,,,Cash,Hai Sopiri,
366,366,520,1584,,,,,Cash,Hai Sopiri,
367,367,528,1585,,,,,Control,Hai Sopiri,
368,368,532,1586,,,,,Control,Hai Sopiri,
369,369,517,1587,,,,,TUP,Hai Sopiri,
370,370,346,1588,,,,,Control,hi dam 1,sopiri
371,371,356,1591,,,,,Control,Hai Dam 2,city
372,372,185,1592,,,,,TUP,Hai city,
373,373,359,1595,,,,,Control,Hai Dam 2,city
374,374,362,1598,,,,,Control,Hai Dam 2,city
375,375,197,1599,,,,,TUP,Hai city,
376,376,364,1600,,,,,Control,Hai Dam 2,city
377,377,206,1601,,,,,Control,Hai city,
378,378,209,1602,,,,,TUP,Hai city,
379,379,215,1604,,,,,TUP,Hai city,
380,380,227,1607,,,,,Control,Hai city,
381,381,228,1608,,,,,Control,Hai city,
382,382,237,1610,,,,,Control,Hai city,
383,383,446,1613,,,,,TUP,Hai Sopiri,city
384,384,252,1615,,,,,Control,Hai city,
385,385,258,1619,,,,,Control,Hai city,
386,386,261,1620,,,,,TUP,Hai city,
387,387,262,1621,,,,,Control,Hai city,
388,388,287,1626,,,,,Control,Hai city,
389,389,179,1630,,,,,TUP,Hai city,
390,390,184,1631,,,,,Cash,Hai city,
391,391,358,1632,,,,,Control,Hai Dam 2,city
392,392,191,1634,,,,,Control,Hai city,
393,393,195,1636,,,,,Control,Hai city,
394,394,436,1637,,,,,Cash,Hai Dam 2,city
395,395,196,1638,,,,,Control,Hai city,
396,396,199,1639,,,,,TUP,Hai city,
397,397,202,1640,,,,,TUP,Hai city,
398,398,205,1642,,,,,Control,Hai city,
399,399,207,1643,,,,,Control,Hai city,
400,400,208,1644,,,,,Control,Hai city,
401,401,210,1646,,,,,TUP,Hai city,
402,402,443,1647,,,,,Control,Hai Sopiri,city
403,403,217,1649,,,,,TUP,Hai city,
404,404,222,1650,,,,,Control,Hai city,
405,405,224,1651,,,,,Control,Hai city,
406,406,232,1652,,,,,Cash,Hai city,
407,407,233,1653,,,,,Cash,Hai city,city
408,408,234,1654,,,,,Cash,Hai city,
409,409,239,1655,,,,,TUP,Hai city,
410,410,244,1656,,,,,TUP,Hai city,
411,411,546,1659,,,,,TUP,Hai Sopiri,city
412,412,249,1661,,,,,TUP,Hai city,
413,413,448,1664,,,,,Control,Hai Sopiri,city
414,414,449,1665,,,,,TUP,Hai Sopiri,city
415,415,450,1666,,,,,Cash,Hai Sopiri,city
416,416,255,1667,,,,,Control,Hai city,
417,417,256,1668,,,,,Control,Hai city,
418,418,257,1669,,,,,Cash,Hai city,
419,419,451,1671,,,,,Cash,Hai Sopiri,city
420,420,452,1676,,,,,Cash,Hai Sopiri,city
421,421,453,1677,,,,,Cash,Hai Sopiri,city
422,422,274,1679,,,,,Control,Hai city,
423,423,275,1680,,,,,Control,Hai city,
424,424,276,1681,,,,,Control,Hai city,
425,425,282,1685,,,,,TUP,Hai city,
426,426,283,1686,,,,,Control,Hai city,
427,427,289,1689,,,,,Control,Hai city,
428,428,293,1690,,,,,Control,Hai city,
429,429,182,1692,,,,,TUP,Hai city,
430,430,183,1693,,,,,Control,Hai city,
431,431,187,1698,,,,,Control,Hai city,
432,432,190,1701,,,,,TUP,Hai city,
433,433,360,1702,,,,,Control,Hai Dam 2,city
434,434,361,1703,,,,,Control,Hai Dam 2,city
435,435,194,1704,,,,,Cash,Hai city,
436,436,198,1705,,,,,TUP,Hai city,
437,437,201,1706,,,,,Cash,Hai city,
438,438,363,1707,,,,,Control,Hai Dam 2,city
439,439,211,1709,,,,,Control,Hai city,
440,440,213,1710,,,,,Control,Hai city,
441,441,442,1711,,,,,Cash,Hai Sopiri,city
442,442,214,1712,,,,,TUP,Hai city,
443,443,444,1714,,,,,TUP,Hai Sopiri,city
444,444,219,1715,,,,,Control,HAI CITY,
445,445,445,1716,,,,,TUP,Hai Sopiri,city
446,446,223,1717,,,,,Control,Hai city,
447,447,225,1718,,,,,TUP,Hai city,
448,448,229,1720,,,,,TUP,Hai city,
449,449,238,1721,,,,,Cash,Hai city,
450,450,240,1722,,,,,TUP,Hai city,
451,451,242,1723,,,,,Control,Hai city,
452,452,243,1724,,,,,TUP,Hai city,
453,453,246,1725,,,,,Control,Hai city,
454,454,247,1726,,,,,Control,Hai city,
455,455,248,1728,,,,,TUP,Hai city,
456,456,447,1730,,,,,Control,Hai Sopiri,city
457,457,251,1731,,,,,Control,Hai city,
458,458,263,1735,,,,,Control,Hai city,
459,459,265,1736,,,,,TUP,Hai city,
460,460,266,1737,,,,,Control,Hai city,
461,461,269,1740,,,,,TUP,Hai city,
462,462,270,1742,,,,,Control,Hai city,
463,463,277,1743,,,,,Cash,Hai city,
464,464,278,1744,,,,,Control,Hai city,
465,465,279,1745,,,,,Cash,Hai city,
466,466,280,1746,,,,,TUP,Hai city,
467,467,281,1747,,,,,Control,Hai city,
468,468,286,1748,,,,,Control,Hai city,
469,469,291,1749,,,,,Control,Hai city,
470,470,292,1750,,,,,Control,Hai city,
471,471,181,1751,,,,,Control,Hai city,
472,472,357,1752,,,,,Control,Hai Dam 2,
473,473,188,1753,,,,,Cash,Hai city,
474,474,189,1754,,,,,Control,Hai city,
475,475,193,1755,,,,,Control,Hai city,
476,476,200,1757,,,,,TUP,Hai city,
477,477,204,1758,,,,,TUP,Hai city,
478,478,212,1759,,,,,TUP,Hai city,
479,479,216,1760,,,,,Control,Hai city,
480,480,218,1762,,,,,Cash,Hai city,
481,481,241,1763,,,,,Control,Hai city,
482,482,267,1765,,,,,Control,Hai city,
483,483,268,1766,,,,,TUP,Hai city,
484,484,272,1767,,,,,Control,Hai city,
485,485,284,1768,,,,,TUP,Hai city,
486,486,288,1770,,,,,TUP,Hai city,
487,487,178,1771,,,,,TUP,Hai city,
488,488,180,1773,,,,,Control,Hai city,
489,489,192,1778,,,,,Cash,Hai city,
490,490,203,1780,,,,,Control,Hai city,
491,491,365,1781,,,,,TUP,Hai Dam 2,city
492,492,220,1784,,,,,TUP,Hai city,
493,493,221,1785,,,,,Control,Hai city,
494,494,226,1786,,,,,TUP,Hai city,
495,495,230,1788,,,,,Control,Hai city,
496,496,231,1789,,,,,Cash,Hai city,
497,497,235,1791,,,,,Control,Hai city,
498,498,236,1792,,,,,Control,Hai city,
499,499,245,1794,,,,,TUP,Hai city,
500,500,250,1797,,,,,Control,Hai city,
501,501,253,1801,,,,,Cash,Hai city,
502,502,254,1802,,,,,Control,Hai city,
503,503,259,1805,,,,,Cash,Hai city,
504,504,260,1807,,,,,Cash,Hai city,
505,505,264,1809,,,,,TUP,Hai city,
506,506,271,1811,,,,,TUP,Hai city,
507,507,273,1812,,,,,TUP,Hai city,
508,508,454,1813,,,,,Control,Hai Sopiri,city
509,509,455,1814,,,,,Control,Hai Sopiri,city
510,510,285,1816,,,,,Control,Hai city,
511,511,290,1818,,,,,Control,Hai city,
512,512,186,1820,,,,,Control,Hai city,
513,513,431,1822,,,,,Control,Hi Dam 1,
514,514,549,1825,,,,,Control,Hi Dam 1,
515,515,550,1826,,,,,Control,Hi Dam 1,
516,516,554,1827,,,,,TUP,Hi Dam 1,
517,517,555,1828,,,,,TUP,Hi Dam 1,
518,518,556,1829,,,,,TUP,Hi Dam 1,
519,519,563,1835,,,,,TUP,Hi Dam 1,
520,520,564,1836,,,,,TUP,Hi Dam 1,
521,521,565,1837,,,,,TUP,Hi Dam 1,
522,522,566,1838,,,,,TUP,Hi Dam 1,
523,523,567,1839,,,,,Control,Hi Dam 1,
524,524,568,1840,,,,,TUP,Hi Dam 1,
525,525,569,1842,,,,,TUP,Hi Dam 1,
526,526,570,1843,,,,,Control,Hi Dam 1,
527,527,571,1844,,,,,Cash,Hi Dam 1,
528,528,573,1846,,,,,Control,Hi Dam 1,
529,529,437,1847,,,,,Control,hi peace,dam1
530,530,579,1848,,,,,Control,Hi Dam 1,
531,531,585,1852,,,,,Control,Hi Dam 1,
532,532,591,1857,,,,,Control,Hi Dam 1,
533,533,439,1858,,,,,Cash,hi peace,dam1
534,534,592,1859,,,,,Control,Hi Dam 1,
535,535,440,1861,,,,,TUP,hi peace,dam1
536,536,547,1863,,,,,TUP,Hi Dam 1,
537,537,424,1864,,,,,TUP,Hai Dam 2,dam1
538,538,548,1865,,,,,Control,Hi Dam 1,
539,539,551,1867,,,,,Cash,Hi Dam 1,
540,540,552,1868,,,,,TUP,Hi Dam 1,
541,541,553,1870,,,,,Control,Hi Dam 1,
542,542,557,1872,,,,,Control,Hi Dam 1,
543,543,558,1875,,,,,Control,Hi Dam 1,
544,544,559,1876,,,,,TUP,Hi Dam 1,
545,545,560,1877,,,,,Cash,Hi Dam 1,
546,546,561,1878,,,,,Control,Hi Dam 1,
547,547,562,1880,,,,,Control,Hi Dam 1,
548,548,572,1886,,,,,TUP,Hi Dam 1,
549,549,574,1887,,,,,Cash,Hi Dam 1,
550,550,575,1889,,,,,Cash,Hi Dam 1,
551,551,576,1890,,,,,Control,Hi Dam 1,
552,552,577,1891,,,,,TUP,Hi Dam 1,
553,553,578,1892,,,,,Control,Hi Dam 1,
554,554,580,1894,,,,,Control,Hi Dam 1,
555,555,581,1895,,,,,Cash,Hi Dam 1,
556,556,582,1896,,,,,Control,Hi Dam 1,
557,557,438,1897,,,,,Cash,hi peace,dam1
558,558,583,1898,,,,,Control,Hi Dam 1,
559,559,584,1899,,,,,Control,Hi Dam 1,
560,560,586,1900,,,,,TUP,Hi Dam 1,
561,561,587,1903,,,,,Cash,Hi Dam 1,
562,562,588,1904,,,,,TUP,Hi Dam 1,
563,563,589,1908,,,,,TUP,Hi Dam 1,
564,564,590,1910,,,,,Control,Hi Dam 1,
565,565,593,1915,,,,,Control,Hi Dam 1,
566,566,594,1916,,,,,Control,Hi Dam 1,
567,567,595,1917,,,,,TUP,Hi Dam 1,
568,568,596,1918,,,,,Cash,Hi Dam 1,
569,569,345,1922,,,,,Control,hi dam 1,
570,570,324,1923,,,,,Control,hi dam 1,
571,571,325,1927,,,,,Control,hi dam 1,
572,572,326,1931,,,,,TUP,hi dam 1,
573,573,327,1934,,,,,TUP,hi dam 1,
574,574,328,1936,,,,,TUP,hi dam 1,
575,575,294,1938,,,,,Cash,Hai city,dam1
576,576,295,1939,,,,,Control,Hai city,dam1
577,577,329,1940,,,,,Control,hi dam 1,
578,578,296,1941,,,,,TUP,Hai city,dam1
579,579,330,1944,,,,,Cash,hi dam 1,
580,580,297,1947,,,,,Control,Hai city,dam1
581,581,331,1948,,,,,Control,hi dam 1,
582,582,332,1950,,,,,Control,hi dam 1,
583,583,333,1951,,,,,TUP,hi dam 1,
584,584,334,1954,,,,,Cash,hi dam 1,
585,585,298,1956,,,,,Control,Hai city,dam1
586,586,335,1958,,,,,Control,hi dam 1,
587,587,336,1963,,,,,Cash,hi dam 1,
588,588,456,1964,,,,,TUP,Hai Sopiri,dam1
589,589,337,1966,,,,,Control,hi dam 1,
590,590,338,1967,,,,,Control,hi dam 1,
591,591,339,1968,,,,,Cash,hi dam 1,
592,592,299,1969,,,,,Control,Hai city,dam1
593,593,340,1970,,,,,TUP,hi dam 1,
594,594,341,1973,,,,,Control,hi dam 1,
595,595,342,1974,,,,,TUP,hi dam 1,
596,596,343,1975,,,,,TUP,hi dam 1,
597,597,600,1983,,,,,TUP,hi dam north,
598,598,601,1984,,,,,TUP,hi dam north,
599,599,602,1985,,,,,Control,hi dam north,
600,600,603,1986,,,,,Cash,hi dam north,
601,601,609,1988,,,,,Control,hi dam north,
602,602,610,1989,,,,,TUP,hi dam north,
603,603,611,1991,,,,,Control,hi dam north,
604,604,614,1994,,,,,Control,hi dam north,
605,605,615,1995,,,,,Control,hi dam north,
606,606,616,1996,,,,,Cash,hi dam north,
607,607,617,1997,,,,,TUP,hi dam north,
608,608,618,1999,,,,,Control,hi dam north,
609,609,621,2002,,,,,Control,hi dam north,
610,610,622,2006,,,,,Control,hi dam north,
611,611,623,2008,,,,,Control,hi dam north,
612,612,628,2011,,,,,TUP,hi dam north,
613,613,632,2012,,,,,Control,hi dam north,
614,614,633,2013,,,,,Cash,hi dam north,
615,615,634,2015,,,,,Control,hi dam north,
616,616,637,2019,,,,,TUP,hi dam north,
617,617,639,2021,,,,,Control,hi dam north,
618,618,644,2023,,,,,TUP,hi dam north,
619,619,645,2024,,,,,Control,hi dam north,
620,620,646,2025,,,,,Control,hi dam north,
621,621,647,2026,,,,,Cash,hi dam north,
622,622,648,2027,,,,,Control,hi dam north,
623,623,650,2028,,,,,Cash,hi dam north,
624,624,653,2030,,,,,Control,hi dam north,
625,625,654,2031,,,,,Cash,hi dam north,
626,626,655,2032,,,,,Control,hi dam north,
627,627,659,2038,,,,,Cash,hi dam north,
628,628,660,2039,,,,,Control,hi dam north,
629,629,661,2040,,,,,TUP,hi dam north,
630,630,599,2044,,,,,TUP,hi dam north,
631,631,604,2047,,,,,Control,hi dam north,
632,632,606,2048,,,,,TUP,hi dam north,
633,633,608,2051,,,,,Control,hi dam north,
634,634,612,2055,,,,,TUP,hi dam north,
635,635,619,2061,,,,,Control,hi dam north,
636,636,624,2066,,,,,Control,hi dam north,
637,637,625,2068,,,,,Control,hi dam north,
638,638,626,2069,,,,,Control,hi dam north,
639,639,627,2070,,,,,Cash,hi dam north,
640,640,629,2071,,,,,Control,hi dam north,
641,641,630,2072,,,,,Control,hi dam north,
642,642,635,2077,,,,,Control,hi dam north,
643,643,636,2078,,,,,Control,hi dam north,
644,644,638,2079,,,,,Control,hi dam north,
645,645,640,2080,,,,,TUP,hi dam north,
646,646,642,2081,,,,,Control,hi dam north,
647,647,643,2082,,,,,Control,hi dam north,
648,648,651,2087,,,,,TUP,hi dam north,
649,649,652,2088,,,,,Control,hi dam north,
650,650,656,2090,,,,,Control,hi dam north,
651,651,658,2094,,,,,Control,hi dam north,
652,652,662,2096,,,,,TUP,hi dam north,
653,653,597,2102,,,,,Control,hi dam north,
654,654,598,2103,,,,,Control,hi dam north,
655,655,605,2105,,,,,TUP,hi dam north,
656,656,607,2106,,,,,Control,hi dam north,
657,657,613,2107,,,,,Control,hi dam north,
658,658,620,2109,,,,,Control,hi dam north,
659,659,631,2111,,,,,TUP,hi dam north,
660,660,641,2114,,,,,Control,hi dam north,
661,661,649,2115,,,,,Control,hi dam north,
662,662,657,2119,,,,,TUP,hi dam north,
663,663,665,2121,,,,,TUP,hi peace,
664,664,666,2122,,,,,Cash,hi peace,
665,665,667,2125,,,,,Cash,hi peace,
666,666,676,2127,,,,,Control,hi peace,
667,667,748,2131,,,,,TUP,hi peace,
668,668,681,2132,,,,,Control,hi peace,
669,669,684,2133,,,,,TUP,hi peace,
670,670,687,2134,,,,,Control,hi peace,
671,671,689,2135,,,,,Control,hi peace,
672,672,695,2136,,,,,TUP,hi peace,
673,673,698,2139,,,,,Control,hi peace,
674,674,699,2140,,,,,Control,hi peace,
675,675,700,2141,,,,,Control,hi peace,
676,676,701,2143,,,,,Control,hi peace,
677,677,703,2145,,,,,TUP,hi peace,
678,678,704,2147,,,,,TUP,hi peace,
679,679,714,2157,,,,,Control,hi peace,
680,680,716,2158,,,,,Cash,hi peace,
681,681,717,2159,,,,,TUP,hi peace,
682,682,718,2160,,,,,Control,hi peace,
683,683,725,2166,,,,,TUP,hi peace,
684,684,728,2168,,,,,TUP,hi peace,
685,685,729,2169,,,,,Cash,hi peace,
686,686,730,2170,,,,,TUP,hi peace,
687,687,735,2171,,,,,Control,hi peace,
688,688,736,2172,,,,,TUP,hi peace,
689,689,740,2175,,,,,TUP,hi peace,
690,690,742,2176,,,,,Cash,hi peace,
691,691,747,2179,,,,,Control,hi peace,
692,692,668,2180,,,,,Control,hi peace,
693,693,678,2182,,,,,TUP,hi peace,
694,694,688,2184,,,,,TUP,hi peace,
695,695,711,2194,,,,,Control,hi peace,
696,696,726,2196,,,,,Control,hi peace,
697,697,733,2198,,,,,TUP,hi peace,
698,698,743,2199,,,,,Cash,hi peace,
699,699,664,2200,,,,,TUP,hi peace,
700,700,669,2202,,,,,TUP,hi peace,
701,701,670,2203,,,,,Cash,hi peace,
702,702,671,2204,,,,,Control,hi peace,
703,703,672,2205,,,,,Control,hi peace,
704,704,680,2210,,,,,TUP,hi peace,
705,705,682,2211,,,,,TUP,hi peace,
706,706,683,2212,,,,,Control,hi peace,
707,707,686,2214,,,,,Control,hi peace,
708,708,691,2216,,,,,TUP,hi peace,
709,709,692,2217,,,,,Control,hi peace,
710,710,693,2218,,,,,Control,hi peace,
711,711,694,2219,,,,,Control,hi peace,
712,712,696,2221,,,,,Cash,hi peace,
713,713,697,2222,,,,,TUP,hi peace,
714,714,705,2225,,,,,Control,hi peace,
715,715,706,2226,,,,,Control,hi peace,
716,716,707,2230,,,,,Cash,hi peace,
717,717,708,2231,,,,,Control,hi peace,
718,718,709,2232,,,,,Control,hi peace,
719,719,710,2233,,,,,Cash,hi peace,
720,720,713,2234,,,,,Control,hi peace,
721,721,715,2235,,,,,Control,hi peace,
722,722,720,2238,,,,,Control,hi peace,
723,723,721,2239,,,,,Control,hi peace,
724,724,722,2240,,,,,Control,hi peace,
725,725,723,2241,,,,,Cash,hi peace,
726,726,724,2242,,,,,Control,hi peace,
727,727,727,2244,,,,,Control,hi peace,
728,728,731,2245,,,,,Cash,hi peace,
729,729,732,2246,,,,,TUP,hi peace,
730,730,734,2247,,,,,Control,hi peace,
731,731,738,2249,,,,,Control,hi peace,
732,732,739,2250,,,,,Control,hi peace,
733,733,741,2252,,,,,TUP,hi peace,
734,734,744,2256,,,,,Control,hi peace,
735,735,745,2257,,,,,Control,hi peace,
736,736,746,2258,,,,,Control,hi peace,
737,737,663,2260,,,,,Control,hi peace,
738,738,673,2261,,,,,Control,hi peace,
739,739,674,2262,,,,,Control,hi peace,
740,740,675,2263,,,,,TUP,hi peace,
741,741,677,2264,,,,,Cash,hi peace,
742,742,679,2267,,,,,Control,hi peace,
743,743,685,2268,,,,,Control,hi peace,
744,744,690,2269,,,,,Control,hi peace,
745,745,702,2270,,,,,Control,hi peace,
746,746,712,2271,,,,,TUP,hi peace,
747,747,719,2273,,,,,TUP,hi peace,
748,748,737,2277,,,,,Cash,hi peace,
